{
  "test_date": "2025-11-17 20:07:56",
  "total_queries": 30,
  "qra": 96.66666666666667,
  "nlur": 100.0,
  "avg_response_time_ms": 1528.3915281295776,
  "time_compliance": 100.0,
  "status": "PASS"
}